id,producto_id,url,orden,created_at
1,355,https://afoxqoopexnpuclbzogb.supabase.co/storage/v1/object/public/fotos/1779054505590-gr66pjuije6.JPG,0,2026-05-17 21:48:28.079885+00
2,355,https://afoxqoopexnpuclbzogb.supabase.co/storage/v1/object/public/fotos/1779054515107-x40xn793vk.JPG,0,2026-05-17 21:48:37.919584+00
4,356,https://afoxqoopexnpuclbzogb.supabase.co/storage/v1/object/public/fotos/1779055011774-dn9qkaijdge.JPG,0,2026-05-17 21:56:54.292016+00
5,357,https://afoxqoopexnpuclbzogb.supabase.co/storage/v1/object/public/fotos/1779055267192-qb85ifxhd09.JPG,0,2026-05-17 22:01:08.746476+00
6,358,https://afoxqoopexnpuclbzogb.supabase.co/storage/v1/object/public/fotos/1779055970665-8lmvnbaj0ac.JPG,0,2026-05-17 22:15:00.1588+00
7,358,https://afoxqoopexnpuclbzogb.supabase.co/storage/v1/object/public/fotos/1779055974845-z8duiz81sd.JPG,0,2026-05-17 22:15:00.158935+00
8,359,https://afoxqoopexnpuclbzogb.supabase.co/storage/v1/object/public/fotos/1779056219515-hnbmbhzhbdw.JPG,0,2026-05-17 22:18:06.976554+00
9,359,https://afoxqoopexnpuclbzogb.supabase.co/storage/v1/object/public/fotos/1779056223383-wq28wu5c6pd.JPG,0,2026-05-17 22:18:06.979695+00
10,359,https://afoxqoopexnpuclbzogb.supabase.co/storage/v1/object/public/fotos/1779056226943-s9zle1lbvrn.JPG,0,2026-05-17 22:18:06.980361+00
11,360,https://afoxqoopexnpuclbzogb.supabase.co/storage/v1/object/public/fotos/1779056464376-ts9ozzz506r.JPG,0,2026-05-17 22:22:09.444435+00
12,360,https://afoxqoopexnpuclbzogb.supabase.co/storage/v1/object/public/fotos/1779056467003-albzd7g74aq.JPG,0,2026-05-17 22:22:09.449782+00
13,360,https://afoxqoopexnpuclbzogb.supabase.co/storage/v1/object/public/fotos/1779056461070-cl3tif89sqb.JPG,0,2026-05-17 22:22:09.456464+00
14,361,https://afoxqoopexnpuclbzogb.supabase.co/storage/v1/object/public/fotos/1779056754791-fqbnnicqkfe.JPG,0,2026-05-17 22:29:18.803386+00
15,361,https://afoxqoopexnpuclbzogb.supabase.co/storage/v1/object/public/fotos/1779056722363-i17gk5j0sv.JPG,0,2026-05-17 22:29:18.803895+00
16,361,https://afoxqoopexnpuclbzogb.supabase.co/storage/v1/object/public/fotos/1779056728017-qa8d8a8kce.JPG,0,2026-05-17 22:29:18.807439+00
17,362,https://afoxqoopexnpuclbzogb.supabase.co/storage/v1/object/public/fotos/1779057173313-domxmwz6qyp.JPG,0,2026-05-17 22:33:37.262472+00
18,362,https://afoxqoopexnpuclbzogb.supabase.co/storage/v1/object/public/fotos/1779057170126-i1mo0u2ysxc.JPG,0,2026-05-17 22:33:37.272181+00
19,362,https://afoxqoopexnpuclbzogb.supabase.co/storage/v1/object/public/fotos/1779057176445-93in7sy2zch.JPG,0,2026-05-17 22:33:37.272181+00
20,363,https://afoxqoopexnpuclbzogb.supabase.co/storage/v1/object/public/fotos/1779057300033-ui7roy4qvo.JPG,0,2026-05-17 22:36:45.255063+00
21,363,https://afoxqoopexnpuclbzogb.supabase.co/storage/v1/object/public/fotos/1779057259715-rr18mtxgln8.JPG,0,2026-05-17 22:36:45.266413+00
22,363,https://afoxqoopexnpuclbzogb.supabase.co/storage/v1/object/public/fotos/1779057296561-m7m76psr7r.JPG,0,2026-05-17 22:36:45.267807+00
23,364,https://afoxqoopexnpuclbzogb.supabase.co/storage/v1/object/public/fotos/1779057764297-ms42293prqn.JPG,0,2026-05-17 22:44:51.486492+00
24,364,https://afoxqoopexnpuclbzogb.supabase.co/storage/v1/object/public/fotos/1779057764297-0ny2r18dnus.JPG,0,2026-05-17 22:44:51.498134+00
25,364,https://afoxqoopexnpuclbzogb.supabase.co/storage/v1/object/public/fotos/1779057764297-w0cb8jcmkoo.JPG,0,2026-05-17 22:44:51.502761+00
26,364,https://afoxqoopexnpuclbzogb.supabase.co/storage/v1/object/public/fotos/1779057764297-h3j12b46rc7.JPG,0,2026-05-17 22:44:51.502766+00
27,365,https://afoxqoopexnpuclbzogb.supabase.co/storage/v1/object/public/fotos/1779058330151-upxpccg62t.JPG,0,2026-05-17 22:53:20.747818+00
28,365,https://afoxqoopexnpuclbzogb.supabase.co/storage/v1/object/public/fotos/1779058330151-jsb23qz4rw9.JPG,0,2026-05-17 22:53:20.754205+00
29,365,https://afoxqoopexnpuclbzogb.supabase.co/storage/v1/object/public/fotos/1779058330151-kixevks77tt.JPG,0,2026-05-17 22:53:20.749005+00
30,365,https://afoxqoopexnpuclbzogb.supabase.co/storage/v1/object/public/fotos/1779058330151-qaw1blhvg.JPG,0,2026-05-17 22:53:20.762246+00
31,365,https://afoxqoopexnpuclbzogb.supabase.co/storage/v1/object/public/fotos/1779058330151-7enuvyw8pd9.JPG,0,2026-05-17 22:53:20.763219+00
32,366,https://afoxqoopexnpuclbzogb.supabase.co/storage/v1/object/public/fotos/1779058624262-jnaegauakr.JPG,0,2026-05-17 23:01:22.429663+00
33,366,https://afoxqoopexnpuclbzogb.supabase.co/storage/v1/object/public/fotos/1779058624262-xbzwx7e8eq.JPG,0,2026-05-17 23:01:22.437338+00
34,366,https://afoxqoopexnpuclbzogb.supabase.co/storage/v1/object/public/fotos/1779058624262-yajhpbpt2fh.JPG,0,2026-05-17 23:01:22.439548+00
35,367,https://afoxqoopexnpuclbzogb.supabase.co/storage/v1/object/public/fotos/1779059043115-wb5lak94auh.JPG,0,2026-05-17 23:05:28.101305+00
36,367,https://afoxqoopexnpuclbzogb.supabase.co/storage/v1/object/public/fotos/1779059039324-qe9msqqhmcd.JPG,0,2026-05-17 23:05:28.102165+00
37,368,https://afoxqoopexnpuclbzogb.supabase.co/storage/v1/object/public/fotos/1779059399942-9tihmf4g74m.JPG,0,2026-05-17 23:11:18.865623+00
38,368,https://afoxqoopexnpuclbzogb.supabase.co/storage/v1/object/public/fotos/1779059397547-idm5vgdp7yf.JPG,0,2026-05-17 23:11:18.875163+00
39,368,https://afoxqoopexnpuclbzogb.supabase.co/storage/v1/object/public/fotos/1779059402377-gh2o93b3m6a.JPG,0,2026-05-17 23:11:18.87651+00
40,369,https://afoxqoopexnpuclbzogb.supabase.co/storage/v1/object/public/fotos/1779059671277-e785m3dfo86.JPG,0,2026-05-17 23:15:48.750557+00
41,369,https://afoxqoopexnpuclbzogb.supabase.co/storage/v1/object/public/fotos/1779059667542-ejrvcxvpmv8.JPG,0,2026-05-17 23:15:48.752071+00
42,369,https://afoxqoopexnpuclbzogb.supabase.co/storage/v1/object/public/fotos/1779059674171-qmqyhaor1i.JPG,0,2026-05-17 23:15:48.756535+00
43,370,https://afoxqoopexnpuclbzogb.supabase.co/storage/v1/object/public/fotos/1779059993091-6kvmtj0qxef.JPG,0,2026-05-17 23:21:02.952201+00
44,371,https://afoxqoopexnpuclbzogb.supabase.co/storage/v1/object/public/fotos/1779060149613-btpyz19wtrl.JPG,0,2026-05-17 23:25:26.742019+00
45,371,https://afoxqoopexnpuclbzogb.supabase.co/storage/v1/object/public/fotos/1779060149613-8f5b6ces6ac.JPG,0,2026-05-17 23:25:26.74462+00
46,371,https://afoxqoopexnpuclbzogb.supabase.co/storage/v1/object/public/fotos/1779060133808-b6zqm8i9d2l.JPG,0,2026-05-17 23:25:26.75472+00
47,372,https://afoxqoopexnpuclbzogb.supabase.co/storage/v1/object/public/fotos/1779060338497-vjbxv4y1len.JPG,0,2026-05-17 23:27:46.393591+00
48,372,https://afoxqoopexnpuclbzogb.supabase.co/storage/v1/object/public/fotos/1779060342201-7felyl1t99t.JPG,0,2026-05-17 23:27:46.393184+00
49,373,https://afoxqoopexnpuclbzogb.supabase.co/storage/v1/object/public/fotos/1779060506643-f4gpod3trtw.JPG,0,2026-05-17 23:29:52.791482+00
50,373,https://afoxqoopexnpuclbzogb.supabase.co/storage/v1/object/public/fotos/1779060506643-dwtnipvybz.JPG,0,2026-05-17 23:29:52.79451+00
51,373,https://afoxqoopexnpuclbzogb.supabase.co/storage/v1/object/public/fotos/1779060506643-2lou72f1mah.JPG,0,2026-05-17 23:29:52.798631+00
52,373,https://afoxqoopexnpuclbzogb.supabase.co/storage/v1/object/public/fotos/1779060506643-1r8gsgpur8k.JPG,0,2026-05-17 23:29:52.80485+00
53,374,https://afoxqoopexnpuclbzogb.supabase.co/storage/v1/object/public/fotos/1779109693959-ebxu898sz8f.JPG,0,2026-05-18 13:12:19.556451+00
54,374,https://afoxqoopexnpuclbzogb.supabase.co/storage/v1/object/public/fotos/1779109680012-baebt66qc89.JPG,0,2026-05-18 13:12:19.571142+00
55,374,https://afoxqoopexnpuclbzogb.supabase.co/storage/v1/object/public/fotos/1779109684721-z45h0p2qp2d.JPG,0,2026-05-18 13:12:19.579348+00
56,377,https://afoxqoopexnpuclbzogb.supabase.co/storage/v1/object/public/fotos/1779480218744-bp3s5p1skg.png,0,2026-05-22 20:04:58.617778+00
57,378,https://afoxqoopexnpuclbzogb.supabase.co/storage/v1/object/public/fotos/1779483762424-3f7joxbvtdg.png,0,2026-05-22 21:03:11.827177+00
58,379,https://afoxqoopexnpuclbzogb.supabase.co/storage/v1/object/public/fotos/1779483882822-1g5qbqdnxd3.JPG,0,2026-05-22 21:05:01.611905+00
59,380,https://afoxqoopexnpuclbzogb.supabase.co/storage/v1/object/public/fotos/1779486682488-37d6zgcqqvz.png,0,2026-05-22 21:53:51.348057+00